BOS,2
EOS,3
.,4
i,5
the,6
to,7
you,8
a,9
is,10
?,11
he,12
n't,13
do,14
in,15
it,16
of,17
tom,18
she,19
's,20
my,21
have,22
me,23
",",24
this,25
for,26
was,27
that,28
we,29
are,30
what,31
your,32
on,33
at,34
his,35
like,36
not,37
with,38
be,39
her,40
did,41
'm,42
can,43
there,44
go,45
him,46
will,47
has,48
and,49
very,50
they,51
how,52
know,53
want,54
as,55
'll,56
up,57
please,58
here,59
time,60
all,61
from,62
had,63
an,64
by,65
good,66
should,67
would,68
about,69
does,70
no,71
come,72
get,73
out,74
mary,75
am,76
english,77
ca,78
've,79
when,80
think,81
school,82
been,83
got,84
could,85
were,86
where,87
if,88
take,89
're,90
let,91
going,92
made,93
book,94
now,95
car,96
see,97
some,98
us,99
father,100
last,101
one,102
day,103
than,104
so,105
home,106
work,107
who,108
'd,109
help,110
just,111
tomorrow,112
need,113
why,114
much,115
any,116
every,117
our,118
yesterday,119
always,120
but,121
more,122
went,123
better,124
many,125
!,126
money,127
too,128
today,129
really,130
room,131
people,132
house,133
two,134
long,135
must,136
tell,137
new,138
speak,139
mother,140
make,141
back,142
may,143
gave,144
old,145
right,146
never,147
say,148
lot,149
something,150
anything,151
man,152
night,153
give,154
years,155
next,156
children,157
after,158
eat,159
well,160
before,161
play,162
put,163
or,164
into,165
three,166
asked,167
look,168
little,169
``,170
'',171
off,172
morning,173
said,174
over,175
late,176
letter,177
hard,178
down,179
took,180
keep,181
train,182
stay,183
japan,184
love,185
still,186
told,187
their,188
dog,189
soon,190
brother,191
only,192
year,193
way,194
study,195
came,196
often,197
leave,198
used,199
bus,200
around,201
them,202
call,203
away,204
bought,205
read,206
french,207
nothing,208
beautiful,209
door,210
wish,211
friends,212
ten,213
water,214
boy,215
left,216
party,217
again,218
first,219
week,220
big,221
station,222
teacher,223
job,224
married,225
afraid,226
likes,227
best,228
problem,229
these,230
japanese,231
name,232
reading,233
plan,234
sister,235
buy,236
other,237
believe,238
heard,239
understand,240
found,241
tennis,242
cold,243
which,244
happy,245
doing,246
live,247
books,248
friend,249
doctor,250
life,251
talk,252
playing,253
wait,254
rain,255
because,256
wanted,257
ask,258
busy,259
feel,260
watch,261
wo,262
coffee,263
lost,264
wants,265
turn,266
enough,267
drink,268
wrong,269
open,270
looks,271
looking,272
remember,273
finished,274
find,275
while,276
seen,277
o'clock,278
already,279
use,280
meeting,281
swim,282
saw,283
hear,284
answer,285
easy,286
ago,287
without,288
girl,289
care,290
early,291
once,292
try,293
same,294
dinner,295
weather,296
done,297
tired,298
bed,299
everyone,300
sure,301
ever,302
five,303
someone,304
days,305
sunday,306
arrived,307
young,308
drive,309
mind,310
nice,311
yourself,312
stop,313
homework,314
hope,315
walk,316
everything,317
show,318
river,319
lives,320
eating,321
able,322
yet,323
london,324
tonight,325
parents,326
boston,327
anyone,328
getting,329
sorry,330
being,331
goes,332
person,333
write,334
almost,335
coming,336
knows,337
another,338
truth,339
matter,340
those,341
music,342
interesting,343
things,344
happened,345
tv,346
park,347
difficult,348
lived,349
food,350
fire,351
thought,352
six,353
place,354
uncle,355
few,356
true,357
shoes,358
piano,359
baby,360
hot,361
alone,362
month,363
lunch,364
son,365
bad,366
hours,367
minutes,368
bicycle,369
meet,370
child,371
sick,372
accident,373
high,374
times,375
great,376
important,377
table,378
idea,379
world,380
working,381
makes,382
desk,383
mine,384
comes,385
camera,386
snow,387
class,388
sometimes,389
under,390
studying,391
student,392
himself,393
question,394
students,395
usually,396
agree,397
family,398
breakfast,399
police,400
looked,401
become,402
swimming,403
far,404
questions,405
dress,406
flowers,407
city,408
since,409
tokyo,410
until,411
most,412
picture,413
thank,414
sleep,415
eyes,416
country,417
quite,418
advice,419
baseball,420
large,421
office,422
met,423
everybody,424
pay,425
kind,426
free,427
between,428
caught,429
even,430
afternoon,431
radio,432
such,433
thing,434
having,435
america,436
living,437
says,438
daughter,439
angry,440
learn,441
fun,442
window,443
near,444
pretty,445
each,446
garden,447
street,448
change,449
red,450
woman,451
tall,452
short,453
evening,454
hair,455
seems,456
hand,457
language,458
dollars,459
called,460
story,461
waiting,462
abroad,463
broke,464
bring,465
cat,466
visit,467
business,468
word,469
hotel,470
game,471
both,472
news,473
milk,474
run,475
smoking,476
health,477
own,478
wrote,479
apple,480
older,481
lend,482
bit,483
pen,484
myself,485
decided,486
hour,487
dictionary,488
fish,489
fell,490
light,491
point,492
died,493
hospital,494
through,495
sense,496
tea,497
speaking,498
then,499
miss,500
phone,501
happen,502
across,503
pictures,504
opinion,505
hurry,506
talking,507
nobody,508
gets,509
watching,510
hands,511
wife,512
yours,513
pass,514
apples,515
longer,516
dark,517
ran,518
kept,519
whether,520
full,521
knew,522
summer,523
telephone,524
studied,525
else,526
strong,527
trip,528
trouble,529
others,530
ready,531
wonder,532
takes,533
box,534
small,535
tree,536
worked,537
stayed,538
present,539
tried,540
seeing,541
helped,542
together,543
mistake,544
later,545
chinese,546
listen,547
kyoto,548
library,549
age,550
chance,551
dangerous,552
quit,553
stand,554
computer,555
quiet,556
medicine,557
four,558
clean,559
poor,560
mt,561
several,562
speaks,563
soccer,564
sing,565
yen,566
feeling,567
wearing,568
born,569
began,570
loves,571
listening,572
might,573
lake,574
herself,575
birthday,576
juice,577
umbrella,578
hat,579
number,580
cook,581
death,582
easily,583
success,584
start,585
taking,586
taxi,587
wash,588
pencil,589
college,590
mistakes,591
raining,592
lie,593
spent,594
enjoyed,595
wine,596
became,597
enjoy,598
plays,599
weight,600
sundays,601
paris,602
airport,603
glasses,604
movie,605
bank,606
against,607
saying,608
famous,609
song,610
along,611
catch,612
american,613
fuji,614
mountain,615
written,616
fast,617
visited,618
driving,619
sky,620
dogs,621
worth,622
test,623
felt,624
started,625
air,626
deal,627
turned,628
interested,629
send,630
during,631
guitar,632
hokkaido,633
close,634
talked,635
seven,636
played,637
grandfather,638
town,639
favorite,640
company,641
learning,642
running,643
bag,644
driver,645
making,646
plane,647
none,648
aunt,649
front,650
eaten,651
mean,652
earlier,653
sit,654
address,655
behind,656
university,657
begin,658
rather,659
rich,660
hurt,661
black,662
worry,663
clothes,664
staying,665
hit,666
vacation,667
cake,668
cooking,669
dead,670
end,671
stupid,672
bird,673
arm,674
stopped,675
grow,676
travel,677
forgot,678
either,679
movies,680
christmas,681
law,682
paper,683
forget,684
accept,685
cost,686
york,687
weekend,688
possible,689
wear,690
outside,691
glad,692
wonderful,693
horse,694
wall,695
offer,696
floor,697
spoken,698
heavy,699
asleep,700
building,701
concert,702
speech,703
brought,704
younger,705
foreign,706
invited,707
check,708
maybe,709
newspaper,710
worse,711
proud,712
passed,713
blue,714
eight,715
seat,716
information,717
monday,718
australia,719
languages,720
writing,721
finish,722
walked,723
store,724
white,725
worried,726
dream,727
quickly,728
cry,729
won,730
follow,731
europe,732
attend,733
fine,734
coat,735
carry,736
exam,737
smoke,738
cut,739
exactly,740
ought,741
expect,742
storm,743
missed,744
half,745
changed,746
kitchen,747
proposal,748
salt,749
forward,750
ticket,751
walking,752
men,753
safe,754
touch,755
winter,756
anybody,757
arrive,758
road,759
pick,760
club,761
absent,762
break,763
set,764
team,765
canada,766
trust,767
gone,768
shut,769
guys,770
key,771
rest,772
problems,773
move,774
harder,775
bread,776
side,777
prefer,778
facebook,779
paid,780
waited,781
sent,782
till,783
luck,784
whole,785
sleeping,786
hungry,787
war,788
taken,789
novel,790
useful,791
fishing,792
church,793
thanks,794
surprised,795
anymore,796
guy,797
lock,798
animals,799
glass,800
careful,801
traffic,802
noon,803
boys,804
fruit,805
noise,806
sentence,807
capital,808
popular,809
brothers,810
slowly,811
wake,812
eye,813
built,814
taller,815
crying,816
serious,817
months,818
choose,819
seem,820
missing,821
sat,822
france,823
secret,824
order,825
husband,826
drunk,827
known,828
second,829
solve,830
flower,831
thousand,832
hold,833
recently,834
bike,835
broken,836
whatever,837
beer,838
television,839
china,840
works,841
lose,842
purpose,843
10,844
rude,845
probably,846
face,847
paint,848
somewhere,849
gas,850
impossible,851
win,852
happens,853
bill,854
guess,855
thinking,856
alive,857
sight,858
boring,859
grew,860
leaving,861
bath,862
sitting,863
nine,864
boss,865
case,866
grandmother,867
dance,868
whose,869
filled,870
twice,871
studies,872
ball,873
succeed,874
closed,875
learned,876
license,877
eggs,878
population,879
promise,880
sun,881
strange,882
difference,883
answered,884
cup,885
singing,886
golf,887
showed,888
ended,889
words,890
museum,891
borrow,892
honest,893
satisfied,894
afford,895
beach,896
foot,897
planning,898
part,899
date,900
owe,901
clear,902
restaurant,903
meal,904
corner,905
post,906
plenty,907
pretended,908
flying,909
above,910
future,911
sign,912
relax,913
anywhere,914
injured,915
furniture,916
ill,917
least,918
warm,919
leaves,920
pizza,921
stolen,922
ate,923
public,924
chair,925
account,926
telling,927
cats,928
dishes,929
supper,930
taught,931
tie,932
belong,933
expensive,934
nearest,935
mathematics,936
dad,937
exist,938
pale,939
native,940
common,941
control,942
clock,943
returned,944
bottle,945
oranges,946
report,947
cancer,948
graduated,949
head,950
color,951
loved,952
different,953
charge,954
obey,955
couple,956
shoulder,957
finally,958
understood,959
yes,960
talks,961
meat,962
wedding,963
jacket,964
return,965
birds,966
hate,967
shopping,968
choice,969
suit,970
excellent,971
attention,972
past,973
sisters,974
ashamed,975
crazy,976
player,977
bridge,978
covered,979
thirty,980
needs,981
history,982
moment,983
elected,984
decide,985
list,986
ride,987
arrested,988
reason,989
ordered,990
lady,991
accustomed,992
scared,993
policeman,994
picnic,995
prize,996
supposed,997
count,998
laughed,999
somebody,1000
gift,1001
shop,1002
cards,1003
hardly,1004
cause,1005
carefully,1006
except,1007
special,1008
waste,1009
climbed,1010
wallet,1011
pain,1012
smiled,1013
failed,1014
size,1015
held,1016
blame,1017
earth,1018
fever,1019
managed,1020
cross,1021
progress,1022
certainly,1023
factory,1024
knife,1025
picked,1026
fall,1027
passengers,1028
wet,1029
german,1030
excuse,1031
green,1032
neighborhood,1033
nurse,1034
fifty,1035
patient,1036
suitcase,1037
cried,1038
mouth,1039
president,1040
girlfriend,1041
dropped,1042
begins,1043
actually,1044
spend,1045
ship,1046
meaning,1047
countries,1048
price,1049
discovered,1050
boat,1051
standing,1052
allowed,1053
killed,1054
sushi,1055
eats,1056
apologize,1057
situation,1058
map,1059
supermarket,1060
marry,1061
clearly,1062
rains,1063
minute,1064
voice,1065
osaka,1066
wood,1067
trying,1068
painted,1069
fence,1070
its,1071
explanation,1072
enter,1073
washed,1074
saturday,1075
drank,1076
piece,1077
type,1078
spoke,1079
speaker,1080
liked,1081
shirt,1082
stomach,1083
roses,1084
orange,1085
agreed,1086
sad,1087
tears,1088
zoo,1089
states,1090
pressure,1091
express,1092
soup,1093
healthy,1094
smile,1095
treated,1096
carried,1097
threw,1098
stone,1099
legs,1100
sea,1101
walks,1102
keeps,1103
conversation,1104
delicious,1105
united,1106
danger,1107
explain,1108
giving,1109
surprise,1110
england,1111
kobe,1112
nearly,1113
likely,1114
lots,1115
watched,1116
consider,1117
wondered,1118
mad,1119
inside,1120
crowd,1121
million,1122
patience,1123
italy,1124
trees,1125
necessary,1126
round,1127
share,1128
germany,1129
village,1130
laugh,1131
fear,1132
completely,1133
moved,1134
dressed,1135
given,1136
translate,1137
fresh,1138
fact,1139
headache,1140
hundred,1141
kill,1142
spring,1143
exercise,1144
wherever,1145
absolutely,1146
earthquake,1147
women,1148
private,1149
experience,1150
refused,1151
also,1152
pair,1153
loud,1154
drives,1155
oil,1156
button,1157
low,1158
feelings,1159
truck,1160
fox,1161
3,1162
reach,1163
received,1164
ice,1165
larger,1166
rent,1167
memory,1168
trains,1169
real,1170
asking,1171
5,1172
rome,1173
course,1174
stamp,1175
butter,1176
moon,1177
less,1178
india,1179
throw,1180
interest,1181
perhaps,1182
prices,1183
wind,1184
tongue,1185
regular,1186
rice,1187
sold,1188
beauty,1189
birth,1190
theory,1191
reservation,1192
single,1193
hey,1194
girls,1195
suppose,1196
violin,1197
blood,1198
cash,1199
lonely,1200
sports,1201
opened,1202
runs,1203
depends,1204
teeth,1205
sweater,1206
wears,1207
rope,1208
traveled,1209
fluent,1210
temperature,1211
football,1212
author,1213
familiar,1214
responsible,1215
message,1216
borrowed,1217
shower,1218
drinking,1219
cookies,1220
king,1221
snowing,1222
certain,1223
heart,1224
woke,1225
subject,1226
step,1227
stamps,1228
smart,1229
rules,1230
teaching,1231
area,1232
beginning,1233
fail,1234
concerned,1235
doll,1236
sang,1237
songs,1238
hobby,1239
blind,1240
vegetables,1241
costs,1242
amazed,1243
invented,1244
electricity,1245
gold,1246
gun,1247
sooner,1248
shall,1249
followed,1250
season,1251
compared,1252
shelf,1253
joke,1254
ears,1255
ok,1256
wore,1257
mistook,1258
mail,1259
sell,1260
salary,1261
dare,1262
line,1263
20,1264
guilty,1265
fly,1266
earned,1267
chocolate,1268
cream,1269
provide,1270
nature,1271
hurts,1272
passport,1273
poured,1274
continued,1275
theater,1276
farm,1277
novels,1278
deep,1279
fault,1280
fashion,1281
resign,1282
board,1283
losing,1284
amount,1285
chess,1286
neither,1287
nor,1288
eleven,1289
wounded,1290
captain,1291
noticed,1292
behavior,1293
bear,1294
unhappy,1295
climb,1296
respect,1297
pleasure,1298
buses,1299
major,1300
daughters,1301
cd,1302
tastes,1303
worker,1304
admit,1305
grade,1306
serve,1307
',1308
sweet,1309
complete,1310
breath,1311
die,1312
crossed,1313
dentist,1314
curious,1315
caused,1316
cottage,1317
goodbye,1318
happening,1319
"10,000",1320
promises,1321
30,1322
socks,1323
value,1324
opportunity,1325
italian,1326
smell,1327
hill,1328
century,1329
aware,1330
asia,1331
reached,1332
drinks,1333
stands,1334
stars,1335
escape,1336
apartment,1337
africa,1338
fool,1339
applied,1340
though,1341
occasionally,1342
stranger,1343
soldiers,1344
harvard,1345
luggage,1346
accused,1347
kids,1348
houses,1349
card,1350
bedroom,1351
save,1352
bell,1353
cooked,1354
system,1355
depend,1356
introduced,1357
funny,1358
lights,1359
due,1360
album,1361
twenty,1362
granted,1363
correct,1364
helps,1365
plans,1366
sale,1367
weeks,1368
forest,1369
iron,1370
advised,1371
comfortable,1372
hunger,1373
science,1374
math,1375
toys,1376
bite,1377
appears,1378
themselves,1379
stops,1380
hole,1381
expecting,1382
teach,1383
delayed,1384
stealing,1385
traveling,1386
terrible,1387
fight,1388
acquainted,1389
art,1390
willing,1391
ghosts,1392
jokes,1393
accepted,1394
empty,1395
rained,1396
twelve,1397
succeeded,1398
lately,1399
stole,1400
committee,1401
suits,1402
drop,1403
difficulty,1404
counting,1405
slept,1406
marriage,1407
needed,1408
fluently,1409
per,1410
roof,1411
artificial,1412
teaches,1413
straight,1414
rescued,1415
skirt,1416
intention,1417
seats,1418
teachers,1419
egg,1420
seriously,1421
menu,1422
stick,1423
greeted,1424
belongs,1425
neighbors,1426
shout,1427
quick,1428
apart,1429
thirsty,1430
pity,1431
hawaii,1432
cars,1433
solved,1434
gives,1435
argument,1436
louder,1437
skiing,1438
believes,1439
bench,1440
thanked,1441
act,1442
percent,1443
enemies,1444
examination,1445
immediately,1446
eyesight,1447
checked,1448
50,1449
generally,1450
basket,1451
decision,1452
join,1453
duty,1454
contract,1455
hearing,1456
discount,1457
sudden,1458
attended,1459
stories,1460
practice,1461
warned,1462
below,1463
support,1464
cab,1465
rock,1466
flood,1467
expected,1468
clouds,1469
idiot,1470
pianist,1471
anxious,1472
vase,1473
cleared,1474
pronounce,1475
meters,1476
remained,1477
sharp,1478
’,1479
prefers,1480
audience,1481
actress,1482
keys,1483
manners,1484
brave,1485
peace,1486
struck,1487
means,1488
grab,1489
chairman,1490
someday,1491
hung,1492
rid,1493
handed,1494
divorced,1495
intend,1496
happiness,1497
chicago,1498
deepest,1499
humor,1500
successful,1501
burglar,1502
machine,1503
largest,1504
ring,1505
scenery,1506
snowed,1507
fill,1508
bucket,1509
regret,1510
skin,1511
boyfriend,1512
rang,1513
admission,1514
worst,1515
classmates,1516
thousands,1517
education,1518
tore,1519
dirty,1520
magazines,1521
6,1522
turns,1523
view,1524
improved,1525
group,1526
department,1527
illness,1528
slight,1529
prepared,1530
enemy,1531
shape,1532
god,1533
fed,1534
sounds,1535
behave,1536
downtown,1537
promised,1538
strike,1539
games,1540
fair,1541
race,1542
letters,1543
poet,1544
hall,1545
positive,1546
animal,1547
%,1548
woods,1549
shake,1550
dust,1551
chicken,1552
appointment,1553
subway,1554
thief,1555
burned,1556
rule,1557
distinguish,1558
airplane,1559
ear,1560
materials,1561
badly,1562
polite,1563
model,1564
finding,1565
photo,1566
grows,1567
friday,1568
discussing,1569
repaired,1570
calling,1571
third,1572
although,1573
winning,1574
allow,1575
island,1576
engineer,1577
whichever,1578
government,1579
programmer,1580
joking,1581
freezes,1582
saved,1583
ideas,1584
silent,1585
push,1586
buying,1587
cheese,1588
industry,1589
matters,1590
shot,1591
spanish,1592
target,1593
cover,1594
wishes,1595
attacked,1596
horses,1597
sauce,1598
locked,1599
package,1600
classroom,1601
mom,1602
curtain,1603
punctual,1604
climate,1605
appreciate,1606
alert,1607
position,1608
operation,1609
distance,1610
seemed,1611
deleted,1612
perfectly,1613
ringing,1614
prevented,1615
draw,1616
recent,1617
beside,1618
forced,1619
mood,1620
hid,1621
founded,1622
workers,1623
majored,1624
april,1625
cradle,1626
beef,1627
match,1628
lying,1629
gladly,1630
siblings,1631
rose,1632
carpet,1633
facts,1634
heat,1635
mondays,1636
innocent,1637
politics,1638
experiment,1639
russian,1640
tower,1641
unable,1642
skip,1643
retired,1644
settled,1645
invitation,1646
discussed,1647
principal,1648
sofa,1649
names,1650
tallest,1651
classes,1652
appetite,1653
introduce,1654
friendly,1655
examined,1656
saturdays,1657
deceive,1658
east,1659
grass,1660
dresses,1661
lies,1662
preparing,1663
drama,1664
protect,1665
latest,1666
appear,1667
diamond,1668
frightened,1669
cloud,1670
silver,1671
mayor,1672
shorter,1673
gotten,1674
pie,1675
starts,1676
speed,1677
personality,1678
whenever,1679
flag,1680
fat,1681
scientist,1682
apology,1683
purse,1684
imagination,1685
rare,1686
knowledge,1687
extremely,1688
grateful,1689
fairly,1690
frog,1691
add,1692
jobs,1693
moving,1694
ceremony,1695
sound,1696
t,1697
scotland,1698
september,1699
pleasant,1700
faces,1701
project,1702
stood,1703
cousin,1704
7:00,1705
handsome,1706
congratulations,1707
space,1708
zero,1709
pond,1710
crashed,1711
backed,1712
miles,1713
pollution,1714
named,1715
ground,1716
kindness,1717
murder,1718
temper,1719
page,1720
credit,1721
exhausted,1722
hates,1723
lift,1724
realize,1725
meant,1726
february,1727
south,1728
schedule,1729
hoped,1730
assistant,1731
appeared,1732
magazine,1733
incident,1734
castle,1735
middle,1736
example,1737
attitude,1738
visiting,1739
graduate,1740
wreck,1741
shook,1742
similar,1743
dirt,1744
thinks,1745
discuss,1746
slow,1747
basketball,1748
fit,1749
crowded,1750
disappointed,1751
toward,1752
ink,1753
knocked,1754
laughing,1755
sleepy,1756
cloudy,1757
tight,1758
bound,1759
raw,1760
repair,1761
raised,1762
admire,1763
courage,1764
collecting,1765
slightest,1766
arguing,1767
jail,1768
unfortunately,1769
extra,1770
forever,1771
wealth,1772
contact,1773
fond,1774
dozen,1775
suddenly,1776
advantage,1777
advance,1778
international,1779
october,1780
rooms,1781
sydney,1782
hiding,1783
oh,1784
envy,1785
jazz,1786
easier,1787
security,1788
energy,1789
prison,1790
article,1791
shy,1792
solution,1793
refuse,1794
listened,1795
cds,1796
fifth,1797
risk,1798
smaller,1799
singer,1800
build,1801
avoid,1802
russia,1803
lawyer,1804
7,1805
poem,1806
entire,1807
cheap,1808
dozens,1809
dating,1810
lasted,1811
typhoon,1812
result,1813
tickets,1814
dancing,1815
film,1816
served,1817
opinions,1818
monkey,1819
jumped,1820
according,1821
objected,1822
cities,1823
clothing,1824
notebook,1825
brown,1826
switzerland,1827
economy,1828
relatives,1829
boxes,1830
volleyball,1831
secretary,1832
sandwich,1833
plain,1834
intelligent,1835
sales,1836
usual,1837
lincoln,1838
entered,1839
toilet,1840
colds,1841
bags,1842
$,1843
fixed,1844
electric,1845
members,1846
tuesday,1847
jogging,1848
growing,1849
medical,1850
freedom,1851
center,1852
located,1853
thin,1854
seldom,1855
continue,1856
fee,1857
feet,1858
market,1859
form,1860
among,1861
stare,1862
complaining,1863
complex,1864
available,1865
disturb,1866
downstairs,1867
understands,1868
registered,1869
lied,1870
consult,1871
objection,1872
disappeared,1873
twin,1874
quality,1875
pull,1876
simple,1877
flows,1878
lightning,1879
degrees,1880
hello,1881
hi,1882
genius,1883
resembles,1884
britain,1885
habit,1886
convinced,1887
stairs,1888
minister,1889
rarely,1890
2:30,1891
throne,1892
hang,1893
hide,1894
drove,1895
housework,1896
beijing,1897
level,1898
cell,1899
divided,1900
hamburgers,1901
flight,1902
ocean,1903
slipped,1904
permission,1905
numb,1906
optimist,1907
obvious,1908
lung,1909
cough,1910
rotten,1911
guests,1912
awful,1913
affairs,1914
engaged,1915
complaints,1916
taste,1917
concentrate,1918
watering,1919
computers,1920
burst,1921
recover,1922
suggested,1923
row,1924
shell,1925
profession,1926
starting,1927
breathe,1928
deeply,1929
schools,1930
envelope,1931
entering,1932
mat,1933
anytime,1934
snake,1935
blast,1936
forgotten,1937
slip,1938
pool,1939
tooth,1940
chemistry,1941
offered,1942
handkerchief,1943
spends,1944
kinds,1945
part-time,1946
arriving,1947
subjects,1948
total,1949
suburbs,1950
actions,1951
currently,1952
eighty,1953
bush,1954
onions,1955
indispensable,1956
writer,1957
treat,1958
salad,1959
cruel,1960
recognized,1961
considered,1962
opportunities,1963
sugar,1964
bookstore,1965
survive,1966
hugged,1967
plastic,1968
dish,1969
natural,1970
trousers,1971
shinjuku,1972
directly,1973
haunted,1974
lent,1975
lecture,1976
writes,1977
fortune,1978
boil,1979
social,1980
basic,1981
mistaken,1982
firm,1983
frequently,1984
youngest,1985
average,1986
height,1987
dislike,1988
searched,1989
bloom,1990
8:30,1991
earns,1992
snakes,1993
track,1994
effect,1995
suggest,1996
lay,1997
register,1998
pregnant,1999
knocking,2000
ambulance,2001
biology,2002
hers,2003
leg,2004
criticized,2005
august,2006
yards,2007
heated,2008
discussion,2009
9,2010
retire,2011
democracy,2012
papers,2013
regrets,2014
throat,2015
advertising,2016
columbus,2017
"40,000",2018
professor,2019
unlucky,2020
sides,2021
honesty,2022
garage,2023
master,2024
planted,2025
yard,2026
note,2027
darker,2028
dying,2029
june,2030
10th,2031
regularly,2032
suitable,2033
safety,2034
meetings,2035
reasonable,2036
stuff,2037
task,2038
jeans,2039
delay,2040
journey,2041
determined,2042
cigarette,2043
fingers,2044
definitely,2045
buried,2046
rudeness,2047
sits,2048
differently,2049
favor,2050
failure,2051
divide,2052
copy,2053
swam,2054
disasters,2055
announced,2056
mud,2057
prime,2058
sensitive,2059
rumor,2060
philosophy,2061
wished,2062
vague,2063
consideration,2064
lending,2065
nervous,2066
brakes,2067
mailing,2068
diet,2069
skating,2070
cameras,2071
sir,2072
holding,2073
500,2074
variety,2075
towns,2076
pocket,2077
kid,2078
drowned,2079
hopes,2080
extent,2081
knowing,2082
doctors,2083
knee,2084
tourist,2085
climbing,2086
planet,2087
supply,2088
responsibility,2089
sells,2090
confused,2091
romantic,2092
foreigner,2093
recognize,2094
exams,2095
eighteen,2096
overslept,2097
alarm,2098
motorcycle,2099
dining,2100
convenient,2101
chairs,2102
silence,2103
vision,2104
roll,2105
spilled,2106
main,2107
candles,2108
bet,2109
pounds,2110
carelessness,2111
requires,2112
explained,2113
attempted,2114
handle,2115
aliens,2116
spending,2117
flew,2118
west,2119
spoon,2120
cloth,2121
blessed,2122
aimed,2123
riding,2124
exciting,2125
photograph,2126
huge,2127
pushed,2128
frankly,2129
member,2130
foreigners,2131
dependent,2132
upstairs,2133
loan,2134
entrance,2135
lesson,2136
brings,2137
adopt,2138
tied,2139
gazed,2140
hire,2141
meals,2142
canceled,2143
steadily,2144
referring,2145
edison,2146
bright,2147
nagoya,2148
earthquakes,2149
landing,2150
sixteen,2151
gentleman,2152
greater,2153
seventeen,2154
rush,2155
following,2156
washes,2157
star,2158
washing,2159
beyond,2160
postponed,2161
double,2162
barber,2163
intelligence,2164
communicate,2165
skirts,2166
relationship,2167
resting,2168
grabbed,2169
fiction,2170
effort,2171
cares,2172
fastest,2173
further,2174
scolded,2175
whale,2176
worrying,2177
rainy,2178
watches,2179
heavier,2180
eight-thirty,2181
swept,2182
yellow,2183
loudly,2184
zealand,2185
properly,2186
1972,2187
punished,2188
spare,2189
armed,2190
programs,2191
dawn,2192
program,2193
feels,2194
waiter,2195
earn,2196
shakespeare,2197
recommend,2198
temple,2199
faster,2200
goods,2201
privacy,2202
active,2203
dessert,2204
urgent,2205
monkeys,2206
canadian,2207
ourselves,2208
welcome,2209
convince,2210
buildings,2211
tenth,2212
lead,2213
expert,2214
places,2215
haircut,2216
expectations,2217
embarrassed,2218
notice,2219
prince,2220
fully,2221
associate,2222
flies,2223
stuck,2224
policy,2225
selling,2226
reminds,2227
paying,2228
wise,2229
allergic,2230
july,2231
reads,2232
gate,2233
blew,2234
oldest,2235
circle,2236
nose,2237
shame,2238
overtime,2239
metal,2240
lazy,2241
ceiling,2242
truly,2243
toy,2244
records,2245
unless,2246
within,2247
calm,2248
owes,2249
reasons,2250
politician,2251
believed,2252
lacking,2253
sons,2254
judge,2255
puzzled,2256
personal,2257
banks,2258
presence,2259
bother,2260
thames,2261
kite,2262
grades,2263
doubt,2264
mirror,2265
perfect,2266
fashions,2267
bored,2268
kick,2269
kissed,2270
drunken,2271
emergency,2272
hometown,2273
band,2274
competed,2275
directions,2276
heights,2277
upset,2278
ignored,2279
insisted,2280
bargain,2281
brush,2282
grapes,2283
cleaned,2284
insurance,2285
participated,2286
published,2287
series,2288
excited,2289
nonsense,2290
unexpected,2291
escaped,2292
conditions,2293
affected,2294
request,2295
victory,2296
instead,2297
cafeteria,2298
composition,2299
typical,2300
repeat,2301
tomatoes,2302
extended,2303
helping,2304
john,2305
anger,2306
contain,2307
festival,2308
admitted,2309
meets,2310
laughs,2311
amazing,2312
hakone,2313
nation,2314
gained,2315
holiday,2316
section,2317
shooting,2318
moonlight,2319
blamed,2320
teams,2321
sport,2322
jealous,2323
humid,2324
chat,2325
loss,2326
catches,2327
north,2328
practicing,2329
strawberries,2330
criminal,2331
wild,2332
photos,2333
style,2334
becomes,2335
tends,2336
false,2337
waist,2338
cancel,2339
recovered,2340
quotes,2341
mommy,2342
opposed,2343
irresistible,2344
heartless,2345
calls,2346
stake,2347
misunderstanding,2348
hunter,2349
vodka,2350
adult,2351
unlikely,2352
safely,2353
expenses,2354
digital,2355
charles,2356
argued,2357
aside,2358
orbit,2359
switch,2360
starving,2361
gambling,2362
cows,2363
erased,2364
tape,2365
treatment,2366
twenties,2367
hollywood,2368
biggest,2369
squeezed,2370
cooperation,2371
prohibited,2372
drowning,2373
interfere,2374
barking,2375
letting,2376
hunting,2377
agency,2378
executive,2379
trade,2380
turkey,2381
stock,2382
snack,2383
file,2384
penalty,2385
tire,2386
response,2387
forty,2388
period,2389
blanket,2390
final,2391
cases,2392
chocolates,2393
1988,2394
inviting,2395
tip,2396
pretending,2397
adventure,2398
finger,2399
army,2400
departure,2401
fireworks,2402
sweeping,2403
disappoint,2404
showers,2405
conference,2406
jealousy,2407
tomb,2408
dolls,2409
drawing,2410
developing,2411
pride,2412
excuses,2413
glanced,2414
horizon,2415
suited,2416
peaches,2417
surgeon,2418
warnings,2419
quarter,2420
highly,2421
rushed,2422
strictly,2423
approaching,2424
cheating,2425
trap,2426
wrap,2427
alcohol,2428
increasing,2429
beat,2430
voted,2431
stronger,2432
activity,2433
"1,000",2434
clapped,2435
prove,2436
beautifully,2437
sheep,2438
absolute,2439
nowadays,2440
worthy,2441
visitor,2442
wednesday,2443
forewarned,2444
forearmed,2445
professional,2446
writers,2447
income,2448
windows,2449
souvenir,2450
bitterly,2451
talented,2452
articles,2453
patients,2454
karaoke,2455
blowing,2456
tests,2457
ibm,2458
goal,2459
debt,2460
chosen,2461
comfort,2462
celebrate,2463
cool,2464
changes,2465
particularly,2466
155,2467
centimeters,2468
advertised,2469
drawer,2470
interpreter,2471
nickname,2472
itch,2473
tulips,2474
top,2475
racket,2476
travelers,2477
dreams,2478
105,2479
numerous,2480
doors,2481
lining,2482
silly,2483
comment,2484
brilliant,2485
microphone,2486
added,2487
stew,2488
"100,000",2489
ways,2490
blouse,2491
rely,2492
colors,2493
players,2494
cheated,2495
cave,2496
11,2497
greatest,2498
artists,2499
lighter,2500
tough,2501
absorbed,2502
ones,2503
damage,2504
bottles,2505
captured,2506
knees,2507
ufo,2508
baggage,2509
figured,2510
pays,2511
event,2512
primary,2513
a.m,2514
length,2515
pirate,2516
belt,2517
opening,2518
participate,2519
clerk,2520
unusual,2521
gathered,2522
totally,2523
reputation,2524
weapon,2525
bullet,2526
breathing,2527
tricked,2528
gloves,2529
conflict,2530
trunk,2531
miracle,2532
1970,2533
sandwiches,2534
required,2535
obliged,2536
region,2537
twins,2538
scraped,2539
boots,2540
underestimate,2541
ballpoint,2542
related,2543
tail,2544
lion,2545
criticism,2546
membership,2547
becoming,2548
courageous,2549
military,2550
forces,2551
parked,2552
fix,2553
americans,2554
orders,2555
conditioning,2556
mile,2557
hobbies,2558
judging,2559
hopeless,2560
beating,2561
weapons,2562
swims,2563
shadow,2564
barefooted,2565
scholarship,2566
discovery,2567
classmate,2568
turning,2569
ueno,2570
bankrupt,2571
trips,2572
clever,2573
culture,2574
wool,2575
include,2576
fascinated,2577
conclusion,2578
solar,2579
bottom,2580
demand,2581
soil,2582
requirements,2583
search,2584
tender,2585
disease,2586
confirmed,2587
dry,2588
lack,2589
boiling,2590
guide,2591
exception,2592
doghouse,2593
bathtub,2594
sunset,2595
steady,2596
nations,2597
patted,2598
suffering,2599
lucky,2600
intended,2601
ecology,2602
8,2603
tune,2604
bathroom,2605
quarreling,2606
intersection,2607
richest,2608
assembled,2609
fridge,2610
sunny,2611
illuminated,2612
smells,2613
sue,2614
risky,2615
critical,2616
detail,2617
hyogo,2618
arabic,2619
pieces,2620
handwriting,2621
imports,2622
nara,2623
wooden,2624
mice,2625
smiling,2626
towards,2627
practiced,2628
thunder,2629
competitions,2630
fan,2631
oysters,2632
grip,2633
begun,2634
qualified,2635
command,2636
thoughts,2637
contented,2638
awkward,2639
bow,2640
fare,2641
encouraged,2642
chief,2643
bluest,2644
fired,2645
barked,2646
mailman,2647
sensible,2648
threatened,2649
disaster,2650
happiest,2651
laundry,2652
waving,2653
sensing,2654
occur,2655
refuses,2656
ordinary,2657
reap,2658
sow,2659
kites,2660
overseas,2661
tries,2662
dryer,2663
funeral,2664
exhibition,2665
recovering,2666
skate,2667
mandarin,2668
improve,2669
korean,2670
closest,2671
pharmacy,2672
reserve,2673
pan,2674
devil,2675
wanting,2676
exchange,2677
forgiven,2678
shaving,2679
indoors,2680
sock,2681
forgive,2682
claim,2683
strength,2684
pens,2685
devoted,2686
fools,2687
angels,2688
tread,2689
higher,2690
email,2691
okay,2692
finds,2693
terribly,2694
glitters,2695
p.m,2696
dialed,2697
dreamed,2698
spell,2699
description,2700
adults,2701
deaf,2702
popcorn,2703
expelled,2704
hotels,2705
surprising,2706
skier,2707
ex-boyfriend,2708
ladies,2709
wages,2710
autograph,2711
liquid,2712
embassy,2713
shibuya,2714
spicy,2715
parties,2716
demanded,2717
beholder,2718
yokohama,2719
gray,2720
rings,2721
offended,2722
austria,2723
arithmetic,2724
service,2725
budget,2726
neighbor,2727
fluency,2728
awesome,2729
figure,2730
coast,2731
trash,2732
kiss,2733
data,2734
exact,2735
complained,2736
tsunami,2737
ache,2738
mornings,2739
burning,2740
flooded,2741
disliked,2742
concerts,2743
thread,2744
approval,2745
mailbox,2746
contrary,2747
mix,2748
baikal,2749
yelling,2750
manager,2751
strain,2752
physics,2753
divorce,2754
postcard,2755
occupied,2756
territory,2757
guns,2758
scientists,2759
frost,2760
cups,2761
subscribe,2762
jump,2763
apologies,2764
torn,2765
completed,2766
efforts,2767
vain,2768
remarkable,2769
losses,2770
steak,2771
literature,2772
hammer,2773
robbery,2774
waved,2775
customs,2776
faults,2777
custody,2778
adopted,2779
teens,2780
reports,2781
sobbing,2782
british,2783
guidebook,2784
sentences,2785
besides,2786
bitten,2787
mosquito,2788
sixty,2789
guilt,2790
parks,2791
elephants,2792
shelter,2793
drivers,2794
revolve,2795
buys,2796
upon,2797
coward,2798
scientific,2799
liar,2800
forgetting,2801
picking,2802
path,2803
rabbit,2804
handling,2805
accompanied,2806
tasted,2807
finnish,2808
tours,2809
dolphin,2810
reviews,2811
apologized,2812
vacuum,2813
participants,2814
complains,2815
election,2816
consists,2817
claims,2818
snare,2819
cared,2820
horror,2821
furnished,2822
tells,2823
glue,2824
whispered,2825
floors,2826
limit,2827
arrogance,2828
increase,2829
deals,2830
addition,2831
hero,2832
architect,2833
impatient,2834
connection,2835
impolite,2836
disagree,2837
everywhere,2838
cabin,2839
marathon,2840
newspapers,2841
sleeps,2842
visits,2843
destination,2844
electrical,2845
detective,2846
battle,2847
checking,2848
sometime,2849
gardening,2850
highest,2851
tiny,2852
drew,2853
blackboard,2854
elephant,2855
bomb,2856
bars,2857
affection,2858
evil,2859
astonished,2860
ahead,2861
mahjong,2862
officers,2863
potatoes,2864
disturbed,2865
supplies,2866
sheets,2867
emotions,2868
affair,2869
salty,2870
partners,2871
denies,2872
cured,2873
attractive,2874
bigger,2875
six-thirty,2876
pure,2877
swedish,2878
mention,2879
relies,2880
stretched,2881
itself,2882
soldier,2883
nail,2884
carrying,2885
prisoner,2886
staff,2887
evident,2888
119,2889
astonish,2890
society,2891
mammal,2892
crisis,2893
jumping,2894
frightening,2895
pound,2896
differ,2897
standard,2898
employment,2899
base,2900
ignorance,2901
interfered,2902
angel,2903
criticizing,2904
crash,2905
demonstration,2906
crush,2907
clubs,2908
bothering,2909
behaves,2910
coal,2911
ups,2912
downs,2913
influence,2914
pry,2915
human,2916
nobel,2917
floating,2918
forgave,2919
attack,2920
application,2921
appointed,2922
confessed,2923
border,2924
onto,2925
warmed,2926
impression,2927
volcano,2928
central,2929
lovely,2930
uneasy,2931
pants,2932
10:30,2933
stadium,2934
complain,2935
afterwards,2936
deliver,2937
admiring,2938
spread,2939
require,2940
laid,2941
touched,2942
bark,2943
focus,2944
california,2945
planets,2946
replaced,2947
compare,2948
answers,2949
essays,2950
lines,2951
rivers,2952
twenty-five,2953
products,2954
campus,2955
exceptionally,2956
ai,2957
item,2958
leads,2959
foxes,2960
indeed,2961
musicians,2962
mustache,2963
joy,2964
wheat,2965
cricket,2966
economic,2967
loaf,2968
misunderstood,2969
vitamin,2970
c,2971
junior,2972
runner,2973
puppy,2974
closing,2975
apply,2976
suntan,2977
conscious,2978
background,2979
ability,2980
selfish,2981
counter,2982
guarantee,2983
deserves,2984
chairperson,2985
singapore,2986
previous,2987
weeds,2988
seaside,2989
backward,2990
painting,2991
assigned,2992
arms,2993
suggestions,2994
power,2995
daydreaming,2996
hilton,2997
mountains,2998
holidays,2999
depressed,3000
sore,3001
pink,3002
environmental,3003
wink,3004
stores,3005
stream,3006
scary,3007
difficulties,3008
flour,3009
innocence,3010
contains,3011
cart,3012
excused,3013
possibility,3014
flames,3015
relevant,3016
causing,3017
batteries,3018
calculator,3019
facing,3020
sufficient,3021
shine,3022
advertisements,3023
collection,3024
pepper,3025
coincidence,3026
sasayama,3027
pig,3028
lessons,3029
rising,3030
typist,3031
equivalent,3032
paintings,3033
tricks,3034
suspiciously,3035
x-ray,3036
deny,3037
fountain,3038
destroyed,3039
prevent,3040
businessman,3041
iceland,3042
denmark,3043
bee,3044
jam,3045
ridiculous,3046
shock,3047
reply,3048
dj,3049
strangers,3050
freeze,3051
crossing,3052
customers,3053
abstract,3054
involved,3055
delete,3056
snows,3057
camping,3058
raced,3059
practical,3060
heaven,3061
scar,3062
square,3063
impressed,3064
heating,3065
rested,3066
modern,3067
interrupt,3068
100,3069
gain,3070
current,3071
graham,3072
greene,3073
parts,3074
collected,3075
voting,3076
solid,3077
contest,3078
folded,3079
bookshelf,3080
potato,3081
hired,3082
preparations,3083
bombs,3084
stepped,3085
habits,3086
statement,3087
cheaper,3088
poems,3089
smelled,3090
tobacco,3091
planes,3092
acknowledged,3093
soap,3094
crops,3095
basis,3096
shave,3097
solving,3098
feed,3099
schoolbag,3100
explosion,3101
stubborn,3102
loses,3103
sendai,3104
eager,3105
persuaded,3106
traditional,3107
rolling,3108
permitting,3109
actor,3110
crimes,3111
oxford,3112
makeup,3113
using,3114
englishman,3115
invested,3116
fighting,3117
cute,3118
oven,3119
body,3120
mission,3121
penny,3122
driven,3123
behaved,3124
december,3125
weird,3126
damp,3127
closet,3128
sort,3129
gather,3130
changing,3131
enjoys,3132
original,3133
bumped,3134
items,3135
irregular,3136
verbs,3137
hike,3138
dealing,3139
rejected,3140
milton,3141
miyazaki,3142
prevents,3143
hook,3144
tailor,3145
dallas,3146
propose,3147
honor,3148
quietly,3149
fries,3150
boasts,3151
acquire,3152
hurried,3153
welcomed,3154
warmly,3155
pulled,3156
swarm,3157
hornets,3158
stirred,3159
teaspoon,3160
built-in,3161
equals,3162
bookkeeping,3163
academic,3164
fraud,3165
lindbergh,3166
solo,3167
atlantic,3168
1927,3169
stained,3170
2020,3171
doubled,3172
swimmers,3173
moons,3174
saturn,3175
volcanic,3176
ash,3177
disrupted,3178
mysterious,3179
atmosphere,3180
165,3181
neptune,3182
halley,3183
comet,3184
2061,3185
stingy,3186
oscar,3187
ceremonies,3188
extravaganza,3189
damaged,3190
satellites,3191
revolving,3192
planting,3193
weatherman,3194
mysteries,3195
acquired,3196
needle,3197
haystack,3198
foods,3199
role,3200
worn,3201
heroes,3202
hairdressers,3203
gay,3204
elderberry,3205
usa,3206
extraordinary,3207
sorrow,3208
guts,3209
guitarist,3210
flat,3211
pillow,3212
stir,3213
applicable,3214
displeased,3215
app,3216
folds,3217
cranes,3218
tripped,3219
research,3220
bookcase,3221
watermelon,3222
jungle,3223
semester,3224
pointed,3225
weeded,3226
hurting,3227
hick,3228
seattle,3229
asap,3230
imported,3231
argentina,3232
spectacular,3233
dived,3234
farewell,3235
prejudice,3236
doubts,3237
underpants,3238
satellite,3239
evacuate,3240
knack,3241
disgusted,3242
leisure,3243
machinery,3244
comedian,3245
rocks,3246
narrow,3247
nasty,3248
sees,3249
briefly,3250
parking,3251
knives,3252
forks,3253
based,3254
risen,3255
survivor,3256
falls,3257
zao,3258
sung,3259
robot,3260
brain,3261
circumstances,3262
elementary,3263
lansing,3264
state,3265
michigan,3266
deadline,3267
imperative,3268
resemblance,3269
accompanies,3270
consumption,3271
monopoly,3272
families,3273
chopin,3274
hesitate,3275
assistance,3276
passive,3277
demonstrated,3278
cents,3279
marital,3280
status,3281
hedge,3282
envied,3283
winds,3284
moist,3285
roast,3286
illustrated,3287
duck,3288
hopefully,3289
mobile,3290
65,3291
mercy,3292
dictator,3293
disagreement,3294
tunes,3295
gasoline,3296
horrible,3297
immune,3298
smallpox,3299
dieting,3300
bedrooms,3301
repeatedly,3302
plants,3303
buttons,3304
weed,3305
interrupting,3306
elderly,3307
location,3308
calmed,3309
one-way,3310
melt,3311
stove,3312
abundant,3313
resources,3314
immigrants,3315
3:30,3316
conversationalist,3317
shortly,3318
kilogram,3319
carelessly,3320
unaware,3321
organ,3322
shops,3323
shounan,3324
bulb,3325
reducing,3326
stress,3327
organic,3328
trivial,3329
twenty-year-old,3330
approve,3331
tigers,3332
liable,3333
smarter,3334
theme,3335
wig,3336
genuine,3337
old-fashioned,3338
rainbow,3339
underneath,3340
felicja,3341
bugs,3342
monthly,3343
girlfriends,3344
robbed,3345
souls,3346
cookie,3347
arrogant,3348
battered,3349
clint,3350
eastwood,3351
carmel,3352
slowing,3353
overlooked,3354
prettier,3355
proactive,3356
raising,3357
fees,3358
shining,3359
broccoli,3360
measure,3361
denied,3362
prosecutor,3363
leading,3364
rode,3365
fortunately,3366
persecuted,3367
manufactures,3368
originally,3369
invisible,3370
tour,3371
pulling,3372
rabbi,3373
temples,3374
overweight,3375
nuts,3376
60,3377
briefcase,3378
saudi,3379
arabia,3380
lower,3381
coke,3382
bringing,3383
cia,3384
chipped,3385
equal,3386
"4,000",3387
figures,3388
suspect,3389
palms,3390
bending,3391
deprived,3392
1492,3393
national,3394
experiences,3395
deceitful,3396
halt,3397
comb,3398
instantly,3399
piloted,3400
harbor,3401
refreshing,3402
degree,3403
peach,3404
banged,3405
fist,3406
shutting,3407
swimsuit,3408
overcome,3409
confuse,3410
realized,3411
pointless,3412
malnutrition,3413
niger,3414
kidnappers,3415
effective,3416
freeloaders,3417
pilot,3418
erupted,3419
laughter,3420
suitcases,3421
dates,3422
twelfth,3423
babies,3424
manage,3425
responding,3426
towel,3427
praying,3428
immigrate,3429
well-known,3430
action,3431
gentle,3432
ebola,3433
spreads,3434
bodily,3435
fluids,3436
graveyard,3437
listens,3438
handled,3439
resourceful,3440
unidentified,3441
object,3442
2,3443
mutual,3444
understanding,3445
promotes,3446
envious,3447
string,3448
smokes,3449
honorable,3450
l.a.,3451
bakes,3452
annoy,3453
coach,3454
investigate,3455
tolerated,3456
quits,3457
j.f,3458
kennedy,3459
arlington,3460
cemetery,3461
feathers,3462
economical,3463
official,3464
honda,3465
starvation,3466
coral,3467
reef,3468
attraction,3469
association,3470
thermometers,3471
frogs,3472
actinium,3473
andré-louis,3474
debierne,3475
1899,3476
wept,3477
awoke,3478
point-blank,3479
paragraph,3480
goof,3481
scores,3482
marine,3483
biologist,3484
reread,3485
tampered,3486
ebay,3487
existence,3488
paranormal,3489
phenomena,3490
optimists,3491
pessimists,3492
1980,3493
coin,3494
sidewalk,3495
obviously,3496
equipped,3497
unique,3498
panel,3499
experts,3500
hypothesis,3501
three-fourths,3502
hug,3503
secrets,3504
revealed,3505
beers,3506
phoned,3507
inspect,3508
spelling,3509
kissing,3510
sunrise,3511
nuclear,3512
nights,3513
mike,3514
athletic,3515
topics,3516
fallen,3517
balance,3518
pockets,3519
exhaust,3520
causes,3521
defined,3522
desires,3523
designer,3524
endangered,3525
species,3526
spiders,3527
promoted,3528
disneyland,3529
startling,3530
dreamt,3531
vending,3532
youth,3533
artistic,3534
peacefully,3535
abilities,3536
tourists,3537
exquisite,3538
thumb,3539
balloon,3540
respond,3541
garbage,3542
vegetable,3543
mercury,3544
smallest,3545
tires,3546
racist,3547
prized,3548
possession,3549
wasted,3550
valentine,3551
force,3552
sail,3553
agreement,3554
clown,3555
january,3556
burden,3557
inconvenience,3558
chopsticks,3559
barometer,3560
falling,3561
diplomacy,3562
tourism,3563
revise,3564
affectionate,3565
victims,3566
suspicions,3567
cleaning,3568
summers,3569
childish,3570
venice,3571
hungarian,3572
streets,3573
pages,3574
brighter,3575
shanghai,3576
humiliate,3577
alarmed,3578
irresponsible,3579
whiter,3580
heavily,3581
equator,3582
divides,3583
globe,3584
hemispheres,3585
illusion,3586
candy,3587
photographer,3588
venture,3589
25,3590
skilled,3591
fisherman,3592
legal,3593
finest,3594
acting,3595
rung,3596
arrives,3597
kitadake,3598
hurricane,3599
lined,3600
telegram,3601
smack,3602
fellow,3603
deceived,3604
heart-to-heart,3605
dig,3606
turkish,3607
obtained,3608
yield,3609
investment,3610
severe,3611
philosopher,3612
goodbyes,3613
presented,3614
golden,3615
direction,3616
desperate,3617
s,3618
mechanic,3619
engine,3620
occasional,3621
returns,3622
disturbing,3623
gym,3624
condition,3625
electrician,3626
burns,3627
cheapest,3628
external,3629
jewelry,3630
swear,3631
yourselves,3632
closer,3633
regard,3634
exceeded,3635
exports,3636
stink,3637
jaw,3638
abducted,3639
beethoven,3640
musician,3641
urban,3642
ban,3643
thrilling,3644
u.n,3645
repairing,3646
unavoidable,3647
spy,3648
paved,3649
asphalt,3650
concerns,3651
hundreds,3652
buffaloes,3653
armchair,3654
extension,3655
cord,3656
elders,3657
roman,3658
council,3659
admires,3660
kilometers,3661
dutch,3662
closely,3663
fog,3664
optimistic,3665
challenge,3666
citizen,3667
declared,3668
1950,3669
plunged,3670
record,3671
collect,3672
despite,3673
riches,3674
signal,3675
conditioner,3676
akita,3677
obstinate,3678
etched,3679
freezing,3680
polish,3681
hesitation,3682
uniforms,3683
follows,3684
inattention,3685
prisoners,3686
barely,3687
sarcastic,3688
dedication,3689
ends,3690
heroine,3691
unfamiliar,3692
precedent,3693
stressed,3694
aspects,3695
lens,3696
arrow,3697
deer,3698
germans,3699
pencils,3700
liverpool,3701
fax,3702
worries,3703
bend,3704
whistled,3705
beckoned,3706
taxes,3707
expired,3708
three-year-old,3709
allied,3710
pleased,3711
awake,3712
voices,3713
defeated,3714
doggy,3715
undressed,3716
marches,3717
capacity,3718
remedial,3719
vases,3720
literally,3721
drenched,3722
handles,3723
advocate,3724
uncles,3725
tags,3726
betrays,3727
calendar,3728
maternal,3729
dove,3730
autobiography,3731
sorts,3732
sheraton,3733
quiz,3734
wires,3735
convey,3736
distasteful,3737
misjudged,3738
good-looking,3739
mozart,3740
princess,3741
pretends,3742
serpent,3743
tempted,3744
eve,3745
shrill,3746
crushed,3747
industrial,3748
pour,3749
melted,3750
wit,3751
flipped,3752
fusion,3753
combination,3754
painful,3755
generous,3756
whole-heartedly,3757
distract,3758
sewing,3759
employees,3760
pardon,3761
musical,3762
instrument,3763
enabled,3764
subscriptions,3765
inspired,3766
relieved,3767
cargo,3768
gentlemen,3769
arrival,3770
impressions,3771
determine,3772
gallons,3773
nissan,3774
diplomats,3775
various,3776
privileges,3777
sum,3778
cheered,3779
olympic,3780
diary,3781
wrist,3782
massive,3783
structure,3784
achieved,3785
bug,3786
surrounding,3787
foolish,3788
clears,3789
stockholm,3790
sweden,3791
countless,3792
twinkling,3793
risks,3794
streaked,3795
grand,3796
antique,3797
unfairly,3798
intervene,3799
producers,3800
knob,3801
stomachache,3802
unfit,3803
fright,3804
accuracy,3805
1996,3806
pumps,3807
reagan,3808
photographs,3809
unknown,3810
fabulous,3811
snowfall,3812
marketable,3813
skill,3814
formed,3815
first-year,3816
ogai,3817
manufacture,3818
shown,3819
lid,3820
ages,3821
tin,3822
accurate,3823
humiliated,3824
amusing,3825
vibe,3826
half-hearted,3827
manner,3828
brandy,3829
cancelled,3830
ninety,3831
translated,3832
blessing,3833
tunnel,3834
committed,3835
suicide,3836
parcel,3837
warn,3838
complaint,3839
sails,3840
strait,3841
gibraltar,3842
tsunamis,3843
fields,3844
repay,3845
grandchild,3846
mars,3847
gracious,3848
apparently,3849
grammatical,3850
rowing,3851
restroom,3852
basho,3853
luckily,3854
teased,3855
cage,3856
otherwise,3857
repainted,3858
whisper,3859
tottori,3860
lawn,3861
division,3862
mist,3863
brushing,3864
passes,3865
somehow,3866
controversial,3867
delivered,3868
clung,3869
branches,3870
floodwaters,3871
approved,3872
appreciates,3873
booth,3874
tightly,3875
m,3876
valuables,3877
pursue,3878
inspiration,3879
jesus,3880
christ,3881
hail,3882
derived,3883
latin,3884
verify,3885
greenhouse,3886
imaginary,3887
jack,3888
rate,3889
shattered,3890
mid-forties,3891
undressing,3892
conclusions,3893
pin,3894
sincere,3895
bathe,3896
broadcast,3897
tapes,3898
6:00,3899
cholesterol,3900
shipping,3901
flash,3902
pigsty,3903
stapler,3904
pastime,3905
apt,3906
nests,3907
rapid,3908
overreacting,3909
neglected,3910
duties,3911
fasten,3912
contemporary,3913
happily,3914
essentially,3915
chinatown,3916
90,3917
permanent,3918
scrambled,3919
gang,3920
hated,3921
searching,3922
intrude,3923
flame,3924
stupidest,3925
celebrations,3926
insect,3927
blinded,3928
booked,3929
divorces,3930
1880,3931
remove,3932
stains,3933
burnt,3934
intervenes,3935
campfire,3936
melons,3937
matches,3938
vary,3939
shared,3940
uncertain,3941
acquaintance,3942
origins,3943
features,3944
harvest,3945
pta,3946
verge,3947
blossom,3948
established,3949
1650,3950
waterfall,3951
deserve,3952
imaginative,3953
uncooperative,3954
san,3955
francisco,3956
1989,3957
issue,3958
definite,3959
slippery,3960
toothache,3961
chinese-style,3962
korea,3963
2008.,3964
orphan,3965
monster,3966
manholes,3967
accidentally,3968
thursday,3969
shizuoka,3970
scenic,3971
realistic,3972
graceful,3973
methods,3974
despise,3975
permit,3976
hypocritical,3977
mistakenly,3978
railroad,3979
parallel,3980
port,3981
effects,3982
duty-free,3983
attributes,3984
3:00,3985
cottages,3986
isolated,3987
trainer,3988
communicated,3989
hop,3990
rescue,3991
nine-to-five,3992
weep,3993
user,3994
amazon,3995
fake,3996
asian,3997
cleaner,3998
leaks,3999
ignore,4000
predicting,4001
leader,4002
stitch,4003
saves,4004
thirtieth,4005
workday,4006
william,4007
product,4008
skies,4009
mp3,4010
chill,4011
canary,4012
handball,4013
playground,4014
senior,4015
core,4016
tapped,4017
evaporates,4018
daddy,4019
haste,4020
dolled,4021
hardwood,4022
shade,4023
coins,4024
errands,4025
wan,4026
na,4027
tag,4028
hakodate,4029
dances,4030
relaxed,4031
worsening,4032
exceed,4033
stepping,4034
handy,4035
satisfy,4036
succeeding,4037
vietnam,4038
veteran,4039
numbers,4040
shelters,4041
printing,4042
interview,4043
landlord,4044
raise,4045
serves,4046
logic,4047
mess,4048
acted,4049
bowling,4050
intriguing,4051
diplomat,4052
hats,4053
uk,4054
abbreviation,4055
kingdom,4056
grasp,4057
machines,4058
abraham,4059
16th,4060
log,4061
kentucky,4062
absconded,4063
going-away,4064
possess,4065
desirable,4066
lottery,4067
conform,4068
bounce,4069
seated,4070
produces,4071
t.v,4072
three-bedroom,4073
compartment,4074
gravy,4075
delighted,4076
balls,4077
cleaners,4078
receipt,4079
hostess,4080
thorn,4081
disagreeing,4082
passage,4083
governor,4084
training,4085
equipment,4086
cakes,4087
baked,4088
witch,4089
trick,4090
blog,4091
kelly,4092
assist,4093
europeans,4094
alphabet,4095
13-year-old,4096
florence,4097
3.00,4098
marvels,4099
indifferent,4100
english-english,4101
hamlet,4102
pleasures,4103
property,4104
staring,4105
guarding,4106
esperanto,4107
enthusiasm,4108
italians,4109
roared,4110
mark,4111
knopfler,4112
jar,4113
authority,4114
malaysia,4115
indistinguishable,4116
sunglasses,4117
laptop,4118
forte,4119
pendant,4120
shortest,4121
acid,4122
unlike,4123
sheet,4124
submitted,4125
cornered,4126
rat,4127
particular,4128
fares,4129
collars,4130
fantasy,4131
digestion,4132
ultraviolet,4133
rays,4134
release,4135
conveniently,4136
merry,4137
imagine,4138
version,4139
receive,4140
tales,4141
soft,4142
takasu,4143
clinic,4144
mandatory,4145
access,4146
stab,4147
liz,4148
ambitions,4149
breaks,4150
strengths,4151
weaknesses,4152
gums,4153
bleed,4154
undo,4155
seawater,4156
libras,4157
tested,4158
2009,4159
identical,4160
phase,4161
sin,4162
independent,4163
local,4164
ultimate,4165
mountaineering,4166
shortage,4167
rise,4168
marketing,4169
supplied,4170
joining,4171
motel,4172
accommodate,4173
400,4174
careless,4175
islam,4176
7th,4177
exceptions,4178
quart,4179
cockroaches,4180
bones,4181
reporter,4182
elegant,4183
2003,4184
twisted,4185
ankle,4186
arab,4187
visibly,4188
whales,4189
width,4190
breast-feeding,4191
karuizawa,4192
arched,4193
groaned,4194
toolkit,4195
woolen,4196
obligation,4197
shaking,4198
leaning,4199
suruga,4200
bay,4201
triple,4202
shouting,4203
towers,4204
slid,4205
respectful,4206
superiors,4207
sawing,4208
mixed,4209
hong,4210
kong,4211
companies,4212
implemented,4213
eight-hour,4214
decreasing,4215
recognition,4216
lamp,4217
dial,4218
indicated,4219
nineties,4220
veranda,4221
depart,4222
intimidate,4223
links,4224
bulky,4225
curtains,4226
simplest,4227
observations,4228
disregarded,4229
lets,4230
explode,4231
gratify,4232
classless,4233
suggestion,4234
irritable,4235
hassle,4236
gains,4237
bungee,4238
ac,4239
839,4240
reflection,4241
undone,4242
jst,4243
guaranteed,4244
rates,4245
officer,4246
password,4247
pinched,4248
compiling,4249
software,4250
click,4251
helmet,4252
grasped,4253
growled,4254
cheerful,4255
beds,4256
shoot,4257
unlocked,4258
forehead,4259
180,4260
elbows,4261
dripping,4262
sweat,4263
vancouver,4264
captivate,4265
witnessed,4266
meadow,4267
doorknob,4268
dusts,4269
fewer,4270
insist,4271
sneaked,4272
screwed,4273
amplifier,4274
accidents,4275
phoenix,4276
arizona,4277
fainted,4278
via,4279
unanimously,4280
appoint,4281
ceo,4282
insane,4283
tiptoed,4284
cross-country,4285
french-english,4286
rear,4287
fuels,4288
counted,4289
whoever,4290
soul,4291
decreased,4292
cries,4293
permits,4294
resigned,4295
fled,4296
identified,4297
murderer,4298
tremendous,4299
twenty-one,4300
teresa,4301
denying,4302
incredibly,4303
surfboard,4304
steals,4305
playfully,4306
waltz,4307
resides,4308
hunch,4309
kidnapped,4310
director,4311
opposite,4312
shiga,4313
navy,4314
imitation,4315
ex-husband,4316
kidding,4317
website,4318
layout,4319
tolerate,4320
audacity,4321
cheat,4322
necessarily,4323
deli,4324
next-door,4325
pairs,4326
civil,4327
impressive,4328
attic,4329
declare,4330
455,4331
twentieth,4332
pregnancy,4333
unconscious,4334
depressing,4335
vacant,4336
willpower,4337
fabric,4338
600,4339
slavery,4340
punishment,4341
treason,4342
aso,4343
14,4344
1960,4345
entries,4346
bern,4347
owner,4348
rio,4349
de,4350
janeiro,4351
areas,4352
mongrel,4353
stewardess,4354
reluctantly,4355
former,4356
champion,4357
fits,4358
android,4359
adding,4360
conduct,4361
upcoming,4362
babysitting,4363
occasions,4364
appearances,4365
debate,4366
ripped,4367
exercising,4368
wakes,4369
commute,4370
rewrite,4371
chances,4372
outrank,4373
humble,4374
context,4375
orchard,4376
dried,4377
carpenter,4378
ribbon,4379
sunflower,4380
fans,4381
earliest,4382
cutting,4383
cigarettes,4384
6:30,4385
cashier,4386
suspects,4387
rises,4388
investigation,4389
pluto,4390
talent,4391
adjust,4392
considerate,4393
stressful,4394
league,4395
swiss,4396
consume,4397
wizard,4398
consecutive,4399
footprints,4400
sand,4401
partied,4402
frozen,4403
towada,4404
seminar,4405
vowed,4406
attempts,4407
fame,4408
discarded,4409
ten-minute,4410
depending,4411
credibility,4412
restart,4413
transfer,4414
millions,4415
sheer,4416
precious,4417
belts,4418
accepting,4419
entirely,4420
inconsequential,4421
governed,4422
seasons,4423
tear,4424
approximately,4425
bounced,4426
initials,4427
ntt,4428
worst-case,4429
scenario,4430
represent,4431
mansion,4432
speeches,4433
marie,4434
curie,4435
radium,4436
locker,4437
inquiries,4438
intimate,4439
mumps,4440
concise,4441
automatically,4442
embraced,4443
profits,4444
shaved,4445
forgets,4446
anniversary,4447
backwards,4448
shone,4449
decorated,4450
barley,4451
revolution,4452
republic,4453
caged,4454
spur,4455
growth,4456
oatmeal,4457
thou,4458
shalt,4459
pasture,4460
acres,4461
tossed,4462
spite,4463
threat,4464
all-day,4465
strings,4466
leftovers,4467
abandoned,4468
lively,4469
electronic,4470
smartest,4471
ladder,4472
slightly,4473
garlic,4474
cooks,4475
comic,4476
greet,4477
fooling,4478
hiccups,4479
harry,4480
potter,4481
lame,4482
tangerines,4483
provided,4484
fairies,4485
hamamatsu,4486
camel,4487
desert,4488
u.s.,4489
vote,4490
secretly,4491
grandpa,4492
paradise,4493
sake,4494
cutest,4495
masterpiece,4496
compute,4497
remembering,4498
savings,4499
plastics,4500
conventional,4501
sight-seeing,4502
survival,4503
inseparable,4504
lotion,4505
twitter,4506
inn,4507
annoying,4508
roommate,4509
skis,4510
forgetful,4511
scold,4512
injuries,4513
i.d,4514
northern,4515
hemisphere,4516
airlines,4517
check-in,4518
rifle,4519
seine,4520
boats,4521
anticipate,4522
seventeenth,4523
einstein,4524
adorable,4525
sprang,4526
straighten,4527
soviet,4528
union,4529
collapsed,4530
bent,4531
unbelievably,4532
estimated,4533
dipped,4534
uniform,4535
astrology,4536
celsius,4537
syringe,4538
observatory,4539
concept,4540
chiba,4541
dumped,4542
copies,4543
ski,4544
investors,4545
withdrew,4546
organized,4547
journalist,4548
ridge,4549
suspected,4550
entertaining,4551
especially,4552
universe,4553
limitless,4554
examinations,4555
term,4556
fatal,4557
screwball,4558
maintain,4559
poisoner,4560
intent,4561
recorder,4562
goals,4563
logically,4564
altogether,4565
nominated,4566
calvin,4567
coolidge,4568
vice,4569
800,4570
improving,4571
aisle,4572
presents,4573
thick,4574
folks,4575
oxygen,4576
socialize,4577
recovery,4578
sigh,4579
relief,4580
withered,4581
moral,4582
design,4583
poked,4584
importance,4585
normal,4586
scolding,4587
ten-dollar,4588
frighten,4589
confronted,4590
yeast,4591
owned,4592
mosquitoes,4593
meditation,4594
replace,4595
cartridge,4596
printer,4597
rabbits,4598
tails,4599
tuner,4600
bites,4601
32,4602
fahrenheit,4603
accelerated,4604
defended,4605
invaders,4606
stays,4607
vitamins,4608
arranging,4609
sweetheart,4610
cuff,4611
pub,4612
abnormal,4613
grumbling,4614
financial,4615
self,4616
urge,4617
luxuries,4618
incalculable,4619
remembers,4620
veterinarian,4621
includes,4622
tax,4623
resigning,4624
destroy,4625
drug,4626
jointly,4627
childishly,4628
rap,4629
keio,4630
impractical,4631
deputy,4632
consented,4633
overestimate,4634
pours,4635
flashlight,4636
egypt,4637
slapped,4638
cattle,4639
halfway,4640
thrilled,4641
acorns,4642
ambulances,4643
borders,4644
unwise,4645
curry,4646
mouths,4647
goodnight,4648
novelist,4649
aerobics,4650
98,4651
survived,4652
mathematical,4653
neighbour,4654
obese,4655
keeping,4656
cambridge,4657
honors,4658
commerce,4659
congratulated,4660
steam,4661
boiled,4662
ample,4663
exaggerating,4664
hottest,4665
eyed,4666
willingly,4667
healthiest,4668
koala,4669
newspaperman,4670
hitting,4671
sanctuary,4672
aches,4673
confirm,4674
addressed,4675
widespread,4676
panic,4677
meth,4678
addict,4679
temptation,4680
remain,4681
admonished,4682
noisy,4683
widely-spoken,4684
scuba,4685
diving,4686
moderate,4687
fearless,4688
remodeled,4689
mild,4690
belonged,4691
couch,4692
notes,4693
sting,4694
declarations,4695
variables,4696
c++,4697
bullied,4698
composers,4699
kilometres,4700
undergo,4701
meaningful,4702
points,4703
gravity,4704
roughly,4705
stooped,4706
pebble,4707
prejudiced,4708
nerve,4709
quarrels,4710
refugees,4711
postcards,4712
nevada,4713
flush,4714
slaves,4715
construct,4716
questioned,4717
biting,4718
nails,4719
visa,4720
loose,4721
flights,4722
"2,700",4723
honshu,4724
swearing,4725
inches,4726
worship,4727
bless,4728
permitted,4729
narita,4730
promising,4731
advise,4732
matsue,4733
fought,4734
tissue,4735
astonishment,4736
affects,4737
blown,4738
personally,4739
reported,4740
scrap,4741
champagne,4742
puzzle,4743
resembled,4744
adjoins,4745
amazingly,4746
blisters,4747
stupidity,4748
spot,4749
prophecy,4750
avoided,4751
kicked,4752
"50,000",4753
interpreted,4754
refusal,4755
trace,4756
well-written,4757
independence,4758
1947,4759
undercooked,4760
holes,4761
agreeing,4762
loans,4763
remarks,4764
desks,4765
mend,4766
activities,4767
shocked,4768
agreeable,4769
strongest,4770
candidate,4771
lean,4772
closes,4773
farmer,4774
decisions,4775
pretext,4776
resisting,4777
closets,4778
mastered,4779
beginners,4780
roller-skate,4781
skinny,4782
created,4783
17,4784
fuel,4785
gauge,4786
pace,4787
chewed,4788
swallowed,4789
proficient,4790
farsi,4791
carries,4792
spray,4793
forty-five,4794
parade,4795
bitter,4796
attributed,4797
edge,4798
reconsider,4799
neutral,4800
folding,4801
salesman,4802
shrines,4803
arrests,4804
putt,4805
farms,4806
timing,4807
"3,000",4808
distances,4809
spices,4810
symbol,4811
elbowed,4812
susceptible,4813
begged,4814
possibly,4815
generate,4816
magnetism,4817
whisky,4818
unbelievable,4819
foundation,4820
general,4821
consumers,4822
quantity,4823
adjective,4824
noun,4825
woollen,4826
textiles,4827
internet,4828
masters,4829
queen,4830
elizabeth,4831
1603,4832
self-confidence,4833
stones,4834
loving,4835
eiffel,4836
reserved,4837
softly,4838
dedicated,4839
orphans,4840
tenor,4841
saxophone,4842
dignified,4843
mere,4844
knit,4845
apologetic,4846
frowned,4847
matchbox,4848
straightening,4849
faxes,4850
emails,4851
warmer,4852
petals,4853
antiques,4854
headed,4855
unnecessary,4856
dreaming,4857
pronunciation,4858
hacked,4859
locking,4860
alike,4861
bizarre,4862
theories,4863
continent,4864
avoidable,4865
eighty-one,4866
performance,4867
turtles,4868
reptiles,4869
aboard,4870
amends,4871
hint,4872
vaccinated,4873
flu,4874
patio,4875
smiles,4876
walls,4877
dye,4878
blonde,4879
richer,4880
3202-5625,4881
airplanes,4882
prairies,4883
freshened,4884
pose,4885
trout,4886
journal,4887
breaking,4888
telephones,4889
booklet,4890
12,4891
predictions,4892
scholar,4893
air-conditioned,4894
farsighted,4895
classical,4896
views,4897
respects,4898
homeroom,4899
dealt,4900
0,4901
centigrade,4902
eligible,4903
rubbish,4904
beasts,4905
eagle,4906
accompany,4907
contribute,4908
starved,4909
ham,4910
neatly,4911
telephoned,4912
consoling,4913
leather,4914
philippines,4915
tidal,4916
waves,4917
resulted,4918
deaths,4919
"6,000",4920
bawling,4921
secretive,4922
assumption,4923
pools,4924
poetry,4925
sweets,4926
shoulders,4927
elaborate,4928
hiccup,4929
sipped,4930
unpleasant,4931
1689,4932
premonition,4933
grown,4934
regions,4935
bandages,4936
peg,4937
parliament,4938
officially,4939
ryoutarou,4940
hashimoto,4941
52nd,4942
gazing,4943
paces,4944
self-evident,4945
wide,4946
helicopter,4947
overhead,4948
internship,4949
unbearable,4950
buffet,4951
retract,4952
treatments,4953
sciences,4954
homesick,4955
confident,4956
barbershop,4957
28th,4958
1888,4959
brazil,4960
brasilia,4961
4:00,4962
two-story,4963
networks,4964
lenses,4965
naked,4966
install,4967
antenna,4968
peace-loving,4969
checks,4970
mexico,4971
snickered,4972
finishing,4973
poisoning,4974
nonstop,4975
thai,4976
implying,4977
fitting,4978
fruits,4979
advances,4980
1636,4981
toothaches,4982
chimney,4983
applications,4984
slice,4985
safer,4986
analyzed,4987
sidney,4988
sheldon,4989
passing,4990
bitterness,4991
umbrellas,4992
self-made,4993
greek,4994
appropriate,4995
achieve,4996
brass,4997
marching,4998
zimbabwe,4999
colony,5000
lips,5001
liquor,5002
connects,5003
two-year,5004
arisen,5005
grammar,5006
scotch,5007
choices,5008
wrinkles,5009
accidental,5010
logged,5011
glamorous,5012
puts,5013
windy,5014
calculation,5015
signed,5016
lease,5017
parasol,5018
wiser,5019
belief,5020
eighth,5021
blooming,5022
fooled,5023
translating,5024
sights,5025
warrant,5026
visitors,5027
a.m.,5028
carrots,5029
insured,5030
statistics,5031
pliable,5032
1985,5033
communication,5034
racial,5035
discrimination,5036
disadvantage,5037
dyed,5038
assignment,5039
endure,5040
countryside,5041
emerging,5042
pear,5043
pressed,5044
soared,5045
marrying,5046
blenders,5047
smoothies,5048
colombian,5049
drugs,5050
jiffy,5051
hopeful,5052
placed,5053
consequences,5054
pigs,5055
characteristics,5056
beings,5057
aspired,5058
businessmen,5059
constantly,5060
occupation,5061
character,5062
fundamental,5063
harajuku,5064
restaurants,5065
veterinary,5066
waits,5067
hiking,5068
bathed,5069
abstain,5070
clicked,5071
authorized,5072
erase,5073
memories,5074
ii,5075
1945,5076
exhibits,5077
confidence,5078
considering,5079
unanimous,5080
millionaire,5081
milkshake,5082
perseverance,5083
judgement,5084
rainfall,5085
deserted,5086
pacemaker,5087
magician,5088
preserve,5089
decay,5090
defeatist,5091
unsatisfied,5092
voyage,5093
pack,5094
sued,5095
damages,5096
puffs,5097
ruins,5098
drawers,5099
employed,5100
privately,5101
quantities,5102
quoted,5103
beans,5104
statue,5105
hachiko,5106
faithful,5107
teeming,5108
carpentry,5109
elevator,5110
knock,5111
sumo,5112
gathers,5113
moss,5114
deeds,5115
injury,5116
joined,5117
disguised,5118
toad,5119
textbook,5120
microscope,5121
telescope,5122
concern,5123
hen,5124
cv,5125
gifts,5126
speakers,5127
slave,5128
deteriorating,5129
testified,5130
fifth-largest,5131
producer,5132
encores,5133
checkout,5134
rocket,5135
launched,5136
finishes,5137
deprivation,5138
increases,5139
attacks,5140
ringtone,5141
laziest,5142
document,5143
harmony,5144
packages,5145
root,5146
surgery,5147
earthworm,5148
wriggled,5149
temporary,5150
thirteen,5151
taiwan,5152
sociopaths,5153
display,5154
remorse,5155
picasso,5156
discoveries,5157
doorbell,5158
pheasant,5159
handyman,5160
aging,5161
thoroughly,5162
minimum,5163
wage,5164
okinawa,5165
642,5166
continents,5167
shore,5168
engrossed,5169
lighten,5170
corrected,5171
charming,5172
unsure,5173
leak,5174
hazel,5175
creature,5176
unusually,5177
preferred,5178
dictionaries,5179
canoe,5180
sink,5181
bliss,5182
championship,5183
melancholic,5184
bits,5185
shipment,5186
drinkers,5187
blacks,5188
whites,5189
meddling,5190
colorado,5191
9:00,5192
belly,5193
text,5194
purchase,5195
hidden,5196
cozy,5197
headwords,5198
requested,5199
abolish,5200
apron,5201
bananas,5202
meditate,5203
defects,5204
infrared,5205
pacific,5206
responded,5207
basement,5208
los,5209
angeles,5210
dim,5211
smith,5212
abated,5213
pitch,5214
demands,5215
gibberish,5216
bald,5217
tent,5218
supreme,5219
court,5220
firewood,5221
canadians,5222
sashimi,5223
shaves,5224
unfinished,5225
vegetarian,5226
compromise,5227
thieves,5228
ships,5229
crew,5230
coincides,5231
subtle,5232
differences,5233
financially,5234
saving,5235
blondes,5236
handbag,5237
pepperoni,5238
chips,5239
transported,5240
clues,5241
temperate,5242
daily,5243
eavesdropping,5244
cherry,5245
blossoms,5246
dragon,5247
algebra,5248
yawned,5249
emotional,5250
hare,5251
tortoise,5252
lifted,5253
ok.,5254
bali,5255
tools,5256
stripes,5257
horizontal,5258
fancy,5259
parted,5260
steps,5261
wow,5262
deadlock,5263
blueberries,5264
blackberries,5265
cherries,5266
nectarines,5267
ruined,5268
blushing,5269
crater,5270
sketched,5271
peoples,5272
affect,5273
warning,5274
pipe,5275
disposal,5276
acts,5277
bowl,5278
murmur,5279
brook,5280
lulls,5281
tragic,5282
overnight,5283
necessity,5284
religious,5285
abate,5286
senator,5287
censured,5288
congressional,5289
ethics,5290
exists,5291
pochi,5292
span,5293
butterfly,5294
candlelight,5295
mastering,5296
influenced,5297
delays,5298
commanded,5299
fork,5300
umpire,5301
dollar,5302
homes,5303
cardboard,5304
pollen,5305
birmingham,5306
platform,5307
justice,5308
prevail,5309
p.m.,5310
sadly,5311
appeal,5312
madrid,5313
household,5314
patriotism,5315
remote,5316
left-handed,5317
physician,5318
worm,5319
shirtless,5320
awfully,5321
shed,5322
cap,5323
astronaut,5324
toyota,5325
ford,5326
easy-going,5327
fate,5328
imposing,5329
beliefs,5330
cramped,5331
weigh,5332
female,5333
capitals,5334
publication,5335
timed,5336
coincide,5337
seventy,5338
misses,5339
ambiguities,5340
senses,5341
slamming,5342
thoughtful,5343
microwave,5344
comics,5345
toothpaste,5346
engagement,5347
madman,5348
frequent,5349
progressing,5350
abstained,5351
invite,5352
shoebox,5353
capable,5354
40,5355
scarf,5356
interrupted,5357
jet,5358
landed,5359
fourth,5360
rats,5361
simply,5362
divine,5363
spilt,5364
wasting,5365
underwater,5366
survivors,5367
topic,5368
poker,5369
drum,5370
self-service,5371
in-laws,5372
bridges,5373
ten-thirty,5374
narrowly,5375
handing,5376
blocked,5377
landslide,5378
fireplace,5379
developed,5380
tool,5381
drugstore,5382
brazen,5383
defiance,5384
perform,5385
educated,5386
stroganoff,5387
containers,5388
airtight,5389
universities,5390
fast-moving,5391
policemen,5392
intruded,5393
"1,600",5394
retiring,5395
19th,5396
loaves,5397
alice,5398
bible,5399
priest,5400
timetable,5401
unlock,5402
bribes,5403
highway,5404
58,5405
admired,5406
non-smoking,5407
violated,5408
sour,5409
stocks,5410
germanic,5411
lad,5412
stack,5413
political,5414
career,5415
capture,5416
over-sleeping,5417
spared,5418
pains,5419
annoyed,5420
noises,5421
rugby,5422
differs,5423
washington,5424
drowsy,5425
awarded,5426
online,5427
utterly,5428
joints,5429
extremes,5430
satisfactory,5431
accomplished,5432
deposit,5433
extreme,5434
remind,5435
nagasaki,5436
youngsters,5437
thirty-one,5438
liking,5439
strict,5440
catching,5441
cycling,5442
short-sleeved,5443
shirts,5444
sailing,5445
weekends,5446
confidential,5447
conceal,5448
disappointment,5449
proceed,5450
agenda,5451
56,5452
russell,5453
welfare,5454
sewage,5455
pollutes,5456
loser,5457
statues,5458
stopover,5459
warrior,5460
weakness,5461
stage,5462
roller,5463
skates,5464
occurred,5465
deciding,5466
sleeve,5467
accomplish,5468
spilling,5469
phrase,5470
wealthy,5471
modest,5472
hawk,5473
mouse,5474
ceases,5475
parrot,5476
pet,5477
cupcakes,5478
ties,5479
boarding,5480
execution,5481
eleventh,5482
artist,5483
calculated,5484
opposition,5485
springs,5486
schoolroom,5487
absence,5488
fonder,5489
field,5490
educational,5491
foster,5492
UNK,0
PAD,1
